,index,opt_counter,rew_mean,rew_sd,rew_median,rew_10th_p,rew_90th_p,steps_mean,steps_sd,steps_median,steps_10th_p,steps_90th_p
0,0,19.0,28.618828612656287,15.21509612615808,22.353113365438265,19.215559612127905,43.909971635428214,199.0,0.0,199.0,199.0,199.0
1,0,39.0,17.51556502370969,19.41109243495193,14.297746381632066,1.4058838856600229,35.62672871776151,199.0,0.0,199.0,199.0,199.0
2,0,59.0,23.537358641566456,16.06866036028025,21.106683090069648,10.14962624762633,39.073351720826615,199.0,0.0,199.0,199.0,199.0
3,0,79.0,25.16831978137051,10.246865857634827,24.168131962418304,17.024207096925355,34.23097758207036,177.25,16.91167829525416,182.375,159.75,193.55
4,0,99.0,36.84003749343647,21.883664756783634,36.2470881138522,16.422098792258062,57.021234014115684,190.225,17.55,199.0,172.675,199.0
5,0,119.0,84.08977083959826,32.40243475385504,74.283355637903,53.930081679783086,119.81733194686504,198.325,1.35,199.0,196.975,199.0
6,0,139.0,47.60230530527541,21.249559219349706,50.552744639292925,27.0461778709164,67.59912552399213,190.8,16.4,199.0,174.4,199.0
7,0,159.0,48.77282046325206,15.658632138490049,51.751990465052586,33.20248355372743,62.62309507467039,190.54999999999998,16.9,199.0,173.65,199.0
8,0,179.0,79.66215767680171,34.000876535682806,77.247720612253,52.72476908252193,110.31487544864979,179.925,10.1,175.625,174.5,189.65
9,0,199.0,98.32625269521442,28.509997806325426,115.79094156534562,65.08903588212212,118.3573291529396,186.22500000000002,18.921568650398086,199.0,164.95,199.0
10,0,219.0,104.44210663541418,27.705320695819715,90.32972031932044,85.68419411218262,134.78495879852673,190.425,17.150000000000002,199.0,173.27500000000003,199.0
11,0,239.0,134.67455268502712,23.377727354600093,131.55201767140073,114.09111820348033,158.5999922552117,163.15,41.18280649998575,159.25,124.075,199.0
12,0,259.0,146.33491476292744,38.31271348022703,153.83610569185984,105.02764172793525,179.65418767232862,172.2,26.52551937563706,176.375,150.125,190.05
13,0,279.0,124.27536786571378,21.21114982476686,125.13609308056678,102.64798980174425,144.67260710932263,188.925,15.497954291822913,199.0,171.25,199.0
14,0,301.5,152.5293445335358,22.077936524460537,148.38786133990268,133.64282104150254,174.23395894263462,156.175,36.55215457257973,155.25,123.575,189.85
15,0,321.5,154.67506260167897,32.96151714271026,161.76054533710231,119.85085723115753,183.30020971269585,146.5,29.02553232627006,155.75,118.80000000000001,169.225
16,0,341.5,147.00079199001175,13.863067409735285,153.06164451551825,132.09873599497405,159.1346059900721,173.65,4.949999999999999,176.125,168.7,176.125
17,0,361.5,111.81018488082674,24.972424509090693,115.48384737697563,88.91409372663544,134.03105663568027,194.65,8.7,199.0,185.95,199.0
18,0,381.5,121.41647921636607,22.052252419069145,120.33863013928703,101.29362903021801,143.47405565559006,178.9,25.85473618994361,190.375,149.825,199.0
19,0,401.5,122.41975484861361,24.666874866273012,121.98135330684592,101.45647895691555,146.62665427334457,168.35000000000002,25.05,180.875,143.3,180.875
20,0,421.5,139.7261465615131,30.569339591771012,143.21589335766714,107.47002008732893,168.93728828053656,182.02499999999998,22.684327893805712,199.0,154.675,199.0
21,0,441.5,149.2554104776767,26.02380576700998,147.68754565907807,126.74943782390633,175.76265444320325,179.54999999999998,22.19100014979185,187.875,154.375,199.0
22,0,461.5,136.01805678995493,17.53982212339298,133.02904352906168,120.30870961917645,152.32086885941624,167.5,25.626316003936736,176.375,142.125,190.05
23,0,481.5,154.60436374647028,34.54434118206051,153.8399009721485,124.2892322065367,184.73630984631524,199.0,0.0,199.0,199.0,199.0
24,0,501.5,155.21868207071154,13.656054473886766,153.90024062026254,142.99352201711739,169.01093080273895,174.99999999999997,37.92467031116884,199.0,132.85000000000002,199.0
25,0,521.5,151.75450179106082,27.027383213555805,146.72254940591316,126.92348885640318,181.46042509642223,182.25,20.591728325830033,199.0,156.75,199.0
26,0,541.5,178.12219080231424,31.760197748545984,178.27015972411135,148.93377354506669,207.9731429511227,172.15,49.07742502204586,199.0,120.875,199.0
27,0,561.5,159.6034524818712,26.78829117168415,159.23156969097636,138.27879425988664,180.95787829955418,183.75,30.5,199.0,153.25,199.0
28,0,581.5,140.39782262816735,33.55309645685069,134.3806052810421,111.07806121177495,174.1828634526853,171.54999999999998,25.629067818251848,176.375,149.29999999999998,189.95
29,0,601.5,155.66311411430488,21.670100585582528,152.73707559062274,137.14016857466623,176.9521870313,189.175,15.80559219488157,199.0,171.35,199.0
30,0,621.5,134.36377293604852,33.042323104402705,117.9856085583447,110.79609771092152,170.99638778362743,174.59999999999997,42.71143096665008,199.0,129.275,199.0
31,0,641.5,123.83788380297439,38.1426676737132,116.3749149116952,97.20938756935745,158.52149055069418,138.85,40.13899211181556,153.0,100.95,167.025
32,0,661.5,172.1017212817353,32.49667738247089,188.23096940622372,136.38851595945226,196.3305447305355,164.525,29.0040939263966,164.75,139.97500000000002,188.0
33,0,681.5,150.5912692593507,21.102287387641233,154.13659736141108,129.3118081980862,168.57673745821452,184.0,18.52477022419292,199.0,160.75,199.0
34,0,701.5,158.41560760157535,15.789313441448929,156.50626836245357,145.0672993228293,174.34268550927263,189.20000000000002,18.356369271913323,199.0,170.225,199.0
35,0,721.5,231.650091119356,33.349311215924715,235.4798017245463,197.18333316912285,264.09181515822945,190.15,10.857428332713045,199.0,176.675,199.0
36,0,741.5,185.80254880166777,44.2579756985944,197.1899309143681,138.76482882930642,226.5572765511294,180.975,27.100397720082675,195.875,151.47500000000002,199.0
37,0,761.5,232.1443328410555,34.903777716960526,232.81009554121073,197.10537649377505,262.8856758236652,178.25,28.853237036334917,199.0,144.7,199.0
38,0,781.5,218.03314623589387,26.022308130409044,222.53578454515358,191.39029479650017,240.41810848435725,167.75,31.83683657966473,177.125,137.775,190.35
39,0,801.5,252.02826754724845,18.624033040293725,259.71157744840997,230.3270366819484,268.47907925798097,165.45000000000002,37.15240603154539,173.5,125.32499999999999,199.0
40,0,821.5,272.0882989065864,26.62041863560788,274.4047978844068,244.12411805406649,295.2456997262312,184.57500000000002,24.934961600527522,199.0,158.25,199.0
41,0,841.5,257.95802638696057,33.160498367555476,264.8784996417141,223.02146174349122,284.1104623658233,149.525,41.490082873861255,168.25,105.10000000000001,175.875
42,0,861.5,230.07699717847748,30.218764261131017,229.97446665809343,199.5795651236886,260.4863766620789,142.95000000000002,39.844350959451,141.875,102.525,181.525
43,0,881.5,270.1415407854093,27.66343226953516,279.1106626855763,238.1892009775158,294.72427389779136,166.27499999999998,49.23536925817922,199.0,110.44999999999999,199.0
44,0,901.5,252.25096271199104,42.22776983250955,267.0676500290018,203.66553505066406,292.2790446853944,146.0,52.69525170122866,136.875,94.875,199.0
45,0,921.5,278.89041593685107,33.479584361295665,289.5579021800281,240.344251158401,308.8731779964711,173.89999999999998,29.664532619177827,182.125,142.325,199.0
46,0,941.5,272.74650291265203,48.746044226858956,282.87652569480383,219.33040667561315,316.45539090988194,176.7,25.57375889288975,182.375,149.125,199.0
47,0,961.5,254.14082302200438,33.318551318772506,255.6938904962287,221.77855173938696,286.0744494599203,153.75,55.903277367040005,169.0,95.4,197.65
48,0,981.5,284.1790375444095,39.20739700003719,303.4942952428585,242.9579493195231,307.0189384770502,176.52499999999998,37.93845119933348,199.0,136.0,199.0
49,0,1001.5,262.53243230084246,26.024785174518296,264.4271115104256,236.1213912478663,284.93222841453104,188.925,13.518644662396403,199.0,172.8,199.0
50,0,1021.5,300.40899572440094,39.5880115605695,306.3593542479369,258.48553837819526,335.5533245860363,167.225,38.57936189649692,178.5,126.025,199.0
51,0,1041.5,280.381768283583,43.67745407134344,298.3941624509705,231.90555218140884,313.78560002675385,137.6,47.94729729904421,134.875,96.375,181.6
52,0,1064.0,299.3351894763251,26.122537042430288,307.9425743947786,271.63241505500724,317.8952078109336,185.9,24.13767925184465,199.0,160.625,199.0
53,0,1084.0,255.32326683344996,48.02075744680013,269.37841049889187,206.47252380493708,291.19469978830836,172.275,32.593099635655534,184.375,136.7,199.0
54,0,1104.0,224.18322984977755,38.37441363090951,225.32403246280276,190.04485517154865,258.37056229677466,159.77499999999998,34.5062623144905,153.5,131.6,189.75
55,0,1124.0,237.85819744141915,28.626165565881042,246.9613043707784,207.61065671563307,260.18827864087336,157.775,38.81146659895472,153.5,125.6,189.75
56,0,1144.0,228.1235192004778,43.32496032605702,247.5439207124903,181.52456515099783,260.02302419370767,159.575,27.832435541369115,176.625,129.15,176.625
57,0,1164.0,269.802008614015,29.424203578395712,281.82504009223885,239.34251029933813,289.2113124326823,178.725,24.838992111815564,176.875,155.875,199.0
58,0,1184.0,247.27533457510475,29.01154659370176,239.0216261858618,221.82127201235016,279.52210220821405,177.075,28.325019781902235,189.625,145.8,199.0
59,0,1204.0,221.83456117537324,27.2071618956783,229.5169129823884,193.96272729308552,242.9200670034625,185.07500000000002,10.52586358212552,186.125,174.9,194.35
60,0,1224.0,286.64784960867803,27.045743724864327,293.35161672285574,257.3443099841949,308.9464854299788,174.7,41.55218588439056,199.0,130.525,199.0
61,0,1244.0,278.7662311457312,29.08899604983088,277.18628498146074,251.50851687474386,309.03225672124574,175.975,0.19999999999999998,175.875,175.875,176.175
62,0,1264.0,277.2522507594486,34.30137577300845,284.9095282756688,241.92183323880258,309.1328244510788,183.1,31.799999999999997,199.0,151.3,199.0
63,0,1284.0,322.6406395632938,30.374396946243817,335.6242709570313,286.6235690437398,349.0414501262476,177.775,28.21879575100735,179.125,151.275,199.0
64,0,1304.0,263.0202329112119,20.42091616823645,267.93446242955935,241.01994502595312,280.4550201125231,174.175,26.326044824045987,179.375,150.2,192.35
65,0,1324.0,275.48287120137917,32.210893389833515,286.53638585135525,240.32374815656786,304.33835205795,195.125,7.75,199.0,187.375,199.0
66,0,1344.0,270.32052369442704,48.00009105985835,278.97759830349077,218.34210470672917,315.11162775359276,176.425,33.00392543433212,199.0,138.525,199.0
67,0,1364.0,293.8636109948967,11.237648160443573,295.44752433602224,282.30511194186244,303.5187285220023,167.9,16.88312709965814,177.125,149.575,180.325
68,0,1384.0,298.5568109952517,27.41995173704697,295.22609877300647,270.5997603359196,327.9092235370236,156.4,25.178899481724926,162.0,129.775,175.875
69,0,1404.0,283.08572491975906,44.814671749858704,287.4455380109177,240.3253974991217,323.2745836914696,165.5,53.01161382507874,181.875,112.7,199.0
70,0,1424.0,312.4795162729194,22.80569136020054,323.47355823784744,285.86716083715476,331.6413089380131,160.99999999999997,30.91304677466713,176.875,128.275,180.525
71,0,1444.0,300.712748340804,39.193110785741005,322.1874843409636,255.6887051662688,329.85676392305226,172.42499999999998,41.81371765155087,199.0,125.87500000000001,199.0
72,0,1464.0,264.6795811118641,42.02083682667443,272.9108670355646,222.29288612303782,301.7141856254544,171.45,29.333239063650364,179.125,145.15,191.05
73,0,1484.0,277.47144362739107,43.0106861185163,293.270633076789,232.5767957589964,308.19822633056384,168.99999999999997,31.98959738646249,181.125,137.4,191.85
74,0,1504.0,319.5551654423698,34.20844728177902,329.0960744925788,281.14648673308307,349.8497262063764,160.975,36.330697744773786,175.875,124.9,189.75
75,0,1524.0,290.82881719968,46.28770273081453,305.9905371622352,239.97511061344417,327.2594707899333,166.72500000000002,50.7920397916966,199.0,110.00000000000001,199.0
76,0,1544.0,289.4313548497805,41.94845691723926,304.64334793284814,243.0358204753416,322.3330186727783,165.0,42.02618773864257,186.875,116.57499999999999,199.0
77,0,1564.0,316.50606072472357,45.91732399751847,333.3490323001412,264.55851849942104,356.3446178989345,176.375,28.8288900603722,175.875,149.625,199.0
78,0,1584.0,301.0017983469371,42.41334579671266,321.8641330086942,253.17687361042834,332.1025467272684,185.825,19.178890060372197,199.0,164.1,199.0
79,0,1604.0,297.0363825494711,32.694481036200386,305.72167744515355,258.864372395256,326.8839784423269,175.47500000000002,34.12064651765641,199.0,135.7,199.0
80,0,1624.0,292.4623456027367,16.47362885527497,297.35661186261393,274.6526283387496,305.3080458031328,174.1,22.35819305321743,175.875,156.075,190.15
81,0,1644.0,320.5838308476363,24.47838485083631,328.1464625363074,294.23155563128824,340.67332497595135,172.675,27.189865866991692,175.875,143.375,199.0
82,0,1664.0,301.40896491715137,27.609156872251756,303.9462581516793,272.3188211069121,328.23623953320157,184.425,22.715713728096247,199.0,158.825,199.0
83,0,1684.0,311.900048817416,17.37140653128706,312.71249659810434,295.1657186888413,327.22873381053694,164.925,27.046751448396627,170.25,138.225,190.25
84,0,1704.0,316.8239640964086,32.558624349379514,328.6572648152814,281.04173333417083,340.9636194419647,145.3,30.242377873048746,153.75,117.25,169.125
85,0,1724.0,339.00927050422285,33.87157748479007,340.34838876950863,304.34650910611737,371.30574224728815,165.775,24.966091437671942,161.0,142.02499999999998,192.15
86,0,1744.0,295.8748149472835,21.41597621662457,302.9123505351102,273.56131480129375,311.52959203306455,163.55,39.444443334202646,156.0,127.45,199.0
87,0,1766.5,333.0074853411546,45.18465188571021,348.04050044731355,282.6020836724014,371.71805623755216,188.875,20.25,199.0,168.625,199.0
88,0,1789.0,300.5459592918913,33.991211802211716,308.35166220486565,264.0474191359148,328.66218663414594,174.4,21.45,175.875,157.575,189.75
89,0,1811.5,309.48560663717416,19.16802978277418,313.87151887488886,287.72947626681287,326.7847296334648,193.89999999999998,10.2,199.0,183.7,199.0
90,0,1831.5,306.4358981996196,37.013423893876016,322.50867361646243,265.16623428753275,334.07824447674375,188.425,16.12662088603622,199.0,170.0,199.0
91,0,1851.5,291.6735713812132,38.51980802965296,308.4508637649392,247.9044136122597,320.6668141596098,175.45,19.713106746805234,178.375,154.85,195.35
92,0,1871.5,318.6234480534564,23.806301669755992,324.3976277761351,293.2545552193627,339.0871500501115,174.92499999999998,31.510738004374055,189.625,139.85,199.0
93,0,1891.5,286.25126936466114,25.314275137027007,291.0644995137797,261.1932394556938,307.27558987112184,189.97500000000002,18.05,199.0,171.925,199.0
94,0,1911.5,310.18315345627155,52.289474447452044,331.72971483908435,254.57487090992242,349.01465060977966,189.07500000000002,13.764247240423975,199.0,173.15,199.0
95,0,1931.5,272.0736962268343,33.49339766064225,270.90142573848414,238.66848857401186,305.02570174330435,194.375,9.25,199.0,185.125,199.0
96,0,1951.5,290.8928367188356,28.300475437326018,301.03093335884074,262.09035136148646,311.47015857161733,184.0,17.55586163099392,186.875,165.4,199.0
97,0,1971.5,274.63168993381487,36.97064256336887,288.56721094361166,236.41193463609028,298.6433068490635,190.8,10.043219105446221,199.0,178.475,199.0
98,0,1991.5,312.9919622410993,29.124033178176123,320.48632955722206,283.5382505598868,337.80154631973863,197.525,2.9499999999999997,199.0,194.575,199.0
99,0,2011.5,307.1740605394135,37.77731622362946,321.3179866979085,265.49141571163796,335.89094163784216,194.375,9.25,199.0,185.125,199.0
100,0,2031.5,281.53145996170855,27.704691283465802,292.63492434167637,250.65833017536045,304.0433223609966,188.025,15.864247240423975,199.0,170.0,199.0
101,0,2051.5,294.900028357908,18.415712808412906,299.4462726218556,274.70401606309997,311.0804694778309,173.5,28.670991043064397,182.375,146.375,192.35
102,0,2071.5,292.794182768667,17.19448418909884,295.55859442227177,273.28295948901126,308.87978142357736,199.0,0.0,199.0,199.0,199.0
103,0,2091.5,290.839105531973,38.40643692397552,299.54099585605803,248.54311651898382,324.15770399756593,186.52499999999998,24.95,199.0,161.575,199.0
104,0,2111.5,308.0890323056754,25.197885469573922,313.6240317976859,281.7671435912247,330.29510727180525,186.125,19.320528224000945,199.0,164.25,199.0
105,0,2131.5,281.62912934446,24.258019921844205,288.1817410095324,256.1154471222604,302.65147938995153,185.4,25.101562339414183,199.0,159.125,199.0
106,0,2151.5,262.2893387476253,37.82051954123824,278.8477465625858,222.752732790503,288.72865403582546,184.3,23.340160059673828,199.0,158.425,199.0
107,0,2171.5,244.70294901311104,23.437358966169693,252.66581490622386,219.14808577518602,263.6446045114454,176.375,0.0,176.375,176.375,176.375
108,0,2191.5,248.88219893300464,38.11796013855521,260.56985287388824,210.8364697766869,276.8273895332844,190.175,17.65,199.0,172.525,199.0
109,0,2211.5,282.7631588958306,23.392296553478992,290.708637267212,256.32274471784604,302.60749919854516,190.60000000000002,16.799999999999997,199.0,173.8,199.0
110,0,2231.5,272.064507208507,35.159168996526695,284.85685810415805,234.47128662675058,298.2044209627371,189.85,18.3,199.0,171.55,199.0
111,0,2251.5,236.49817967870842,14.806293313541293,239.44878457742357,221.94221919416063,248.82575587428616,172.45,19.114266318383745,175.875,155.65,189.75
112,0,2271.5,270.56312093039344,41.30256471243472,284.17003444819227,226.74648851067764,301.0566743621599,176.225,18.182360045464698,176.125,162.3,190.15
113,0,2291.5,319.75825880181236,43.323033145921286,345.078271407613,267.2708373202587,355.6652624480379,191.35,15.3,199.0,176.05,199.0
114,0,2311.5,279.44987403092034,23.155786465643903,285.0369188394729,256.3384443251071,298.3525910811723,171.45,20.33394108609388,175.875,153.25,189.75
115,0,2331.5,317.9929757683428,16.974537674631,321.8706981002171,299.90598303132856,332.93829467357705,168.82500000000002,26.028890060372202,176.375,144.775,189.95
116,0,2351.5,257.4457156209688,29.736324697635464,263.7848378137043,226.3152492340231,284.0306294869792,180.9,9.05,176.375,176.375,189.95
117,0,2371.5,318.1133652295779,30.74190428319803,327.98452397632576,286.83914941638665,340.41351549077785,170.225,29.983980253280567,176.375,144.52500000000003,189.95
118,0,2391.5,268.9366378546841,19.617137589242503,267.1352705687,248.73483867698405,289.8090383695697,185.425,11.083941086093882,176.375,176.375,199.0
119,0,2411.5,272.1097404964335,28.535302644960804,274.7531774080822,242.17731968374463,298.576437794446,162.70000000000002,29.14872214964882,153.75,139.975,189.95
120,0,2431.5,283.7268808395576,47.33711183314326,304.8334362876473,232.95206230090014,314.50623140589084,182.65,16.633941086093884,176.375,168.05,199.0
121,0,2451.5,287.49971773005626,29.53766388089913,291.4763833498357,258.48708630849467,311.0599645660615,182.04999999999998,26.883941086093884,199.0,152.675,199.0
122,0,2471.5,238.71959788055938,36.59179880742656,256.0856680421611,195.34447156059764,270.732681302818,159.25,44.34255861638641,175.875,115.825,189.75
123,0,2491.5,250.46908871526836,26.34610152217063,250.1129836863725,224.9959641944867,276.1898882321191,157.95000000000002,38.883941086093884,153.75,125.625,189.95
124,0,2511.5,285.80333772925655,34.97190234658096,295.6972117132941,247.68856415583667,313.76512210126066,171.625,43.98303990090595,188.125,126.825,199.0
125,0,2531.5,329.7419881517985,26.644609587865247,335.8697511831581,301.2705237599616,351.73597349285455,198.525,0.9500000000000001,199.0,197.575,199.0
126,0,2551.5,263.0761570162807,35.64657664541315,268.73246518230246,224.93418789938704,294.93821280367933,187.475,23.05,199.0,164.425,199.0
127,0,2571.5,303.0115415249063,34.18665585210374,316.8289396903618,264.29873259799564,329.4926257376629,170.95000000000002,24.057879994641162,175.875,149.35000000000002,189.75
128,0,2591.5,261.4523896676583,18.668778311820233,265.1652303772071,240.77788113855786,278.48856678393975,166.42499999999998,9.172184208487577,165.75,156.375,176.375
129,0,2611.5,248.57396892024022,24.498528892255646,248.39541285086906,224.458762345737,271.27441638774224,176.55,27.465050974380333,185.375,146.47500000000002,199.0
130,0,2631.5,281.70132845043577,27.8383472554031,288.84423449276625,251.76275536342246,307.192605949955,173.14999999999998,30.356602908184854,179.875,141.275,199.0
131,0,2651.5,278.9105187581543,30.324255222507567,290.9378983454014,246.75579791003065,299.70081955683827,164.575,26.708594329089795,168.5,138.025,190.85
132,0,2671.5,239.51018150080466,35.96457514359094,230.2665284936504,212.46407019966605,274.9380309244002,164.225,14.934724390333335,176.375,145.775,176.375
133,0,2691.5,311.4071763355882,29.344639577385955,318.15189114119767,281.610804966487,334.51657957984105,172.65,32.33428020655875,199.0,132.625,199.0
134,0,2711.5,290.84288280317423,31.572395727109928,297.41543137695936,256.5623469416235,319.049655698096,184.5,22.914247240423975,199.0,159.425,199.0
135,0,2731.5,247.04112466351216,34.534453708464106,265.1853412802392,207.3258755586301,273.9774779765222,190.4,17.2,199.0,173.20000000000002,199.0
136,0,2751.5,259.28753462813717,44.68128042480572,277.1653167135173,211.37008204039418,290.9060163991489,184.54999999999998,28.900000000000002,199.0,155.65,199.0
137,0,2771.5,244.2913075326198,28.917453159774194,252.2261624948892,215.79464428879464,265.02487180269515,153.00000000000003,44.337395928200465,166.25,106.625,191.15
138,0,2794.0,202.13407205738747,39.22391406747011,218.35819038560734,158.19149232742237,236.9434484256609,185.14999999999998,17.620463998029138,194.375,164.52499999999998,199.0
139,0,2814.0,279.4429489257292,25.050086917137886,287.50081885051264,252.85990561389622,299.28331470918414,194.775,8.450000000000001,199.0,186.325,199.0
140,0,2834.0,326.03631035314044,41.39375523070562,339.80876784763853,280.5670481291826,358.0121288610259,182.5,27.82436324903744,199.0,152.225,199.0
141,0,2854.0,298.56848163608663,41.99735931744827,307.1795901977107,253.23205995391586,338.32026826503346,149.9,35.467996849880336,176.375,108.225,176.375
142,0,2874.0,288.00096334741323,31.579492453543978,303.0162920824846,251.7291644944714,312.5524865911736,187.125,23.75,199.0,163.375,199.0
143,0,2894.0,325.5969611830924,16.21518729459886,332.37846291670553,308.6261815576844,336.978088446408,194.925,8.149999999999999,199.0,186.775,199.0
144,0,2914.0,289.81447809732816,49.93316063920906,311.6117491692444,237.0682102242581,322.326530263192,181.70000000000002,34.6,199.0,147.1,199.0
145,0,2934.0,342.2218169106686,26.43350848597829,343.1461191399588,318.9672289990184,364.66113446404256,195.825,6.35,199.0,189.475,199.0
146,0,2954.0,259.9242481277384,41.477579348475224,257.23558091731076,222.15789348150548,300.5815547274032,175.4,27.14792941173681,177.375,148.02499999999998,199.0
147,0,2974.0,269.474448536572,24.04935440837157,269.40303834315404,244.75002458625312,293.9726314099007,168.475,30.439607579903928,157.5,141.125,199.0
148,0,2994.0,298.0460270004757,33.831514234895415,305.81839296648303,262.6571154867677,327.1040846382314,189.75,18.5,199.0,171.25,199.0
149,0,3014.0,311.05374117548945,39.06549086205373,321.76222532268997,270.29088099124345,343.8681038017104,185.575,19.6788900603722,199.0,163.35,199.0
150,0,3034.0,312.8605743940033,18.984601899157486,322.14720731346466,291.3437788652418,327.1661528852135,176.55,37.290493300260806,199.0,135.5,199.0
151,0,3054.0,340.22653965530816,17.461265932917726,345.7965496301042,322.96797658722244,351.7113198294164,189.125,14.481641494927636,199.0,172.70000000000002,199.0
152,0,3074.0,300.8830758200716,59.99420858130692,322.1588518395895,238.85150027356914,341.7703147596643,185.75,19.992485265806252,199.0,163.175,199.0
153,0,3094.0,322.9069849851744,27.41627761413359,331.5743831634035,293.4160628794781,347.3973564212665,188.125,17.0270714804997,199.0,168.775,199.0
154,0,3114.0,310.34222996970027,19.418911704084806,312.09393289775375,290.42970450206406,330.0733381694958,189.775,18.45,199.0,171.325,199.0
155,0,3134.0,309.8151993525625,38.61947068448927,315.66881577543256,267.5506502961114,346.04719295061153,182.5,20.25168148050854,199.0,157.45,199.0
156,0,3154.0,320.57860112534536,31.944689120611095,336.19303475731766,283.8456138788317,346.82780399328675,185.75,26.5,199.0,159.25,199.0
157,0,3174.0,314.810775843373,37.19011068027622,329.77198834138864,272.11286416186954,345.84119620603906,190.95,10.04010707114222,199.0,178.275,199.0
158,0,3194.0,318.76556235822966,33.41710776098853,328.2307599732828,282.99381475289675,345.57820579675314,181.99999999999997,34.0,199.0,147.99999999999997,199.0
159,0,3214.0,337.1288006405217,28.120731484497377,342.4443111419622,306.69158399572257,362.3551800021614,188.125,17.287051598766404,199.0,168.65,199.0
160,0,3234.0,326.38210491321604,40.206856815012635,344.9367958138061,280.7506758757398,356.00687406507706,180.5,29.8288900603722,199.0,148.125,199.0
161,0,3254.0,321.97183128322285,35.1416905542476,337.2940285603462,282.15866108614,352.1763761417868,195.075,7.85,199.0,187.225,199.0
162,0,3274.0,327.25532949118667,35.93435444168121,340.0462959373689,288.0420108173835,355.6702307068864,186.47500000000002,13.774391851908746,190.625,172.75,196.15
163,0,3294.0,315.8039313734379,29.015788873558336,314.31882980286696,285.51789506586994,344.1811008692215,180.225,31.619298266145655,199.0,146.5,199.0
164,0,3314.0,327.9173150214882,43.67098935760092,345.91487465072106,278.110404722937,365.31487151265907,179.42499999999998,39.15,199.0,140.275,199.0
165,0,3334.0,313.7361015245691,28.024769458444464,323.89028646795515,283.404798582874,334.0579498915055,162.025,47.56403747217374,179.125,111.175,199.0
166,0,3354.0,344.8921822096474,22.92647893181051,352.2493066810517,319.39689132469954,363.84437437518517,172.125,27.649688186127563,166.5,145.625,199.0
167,0,3374.0,329.31538315535727,36.4421054500932,343.46638242269245,291.45258939889476,355.6799877215549,182.925,22.19370922904057,199.0,157.125,199.0
168,0,3394.0,311.28864637798097,47.047794036116755,325.2369674598865,265.25298727820115,343.3554151627574,181.15,20.099366340943604,178.875,162.1,199.0
169,0,3416.5,292.2453482125112,45.97388891373463,301.31885640011603,247.72751125748562,327.260616424071,189.85,18.3,199.0,171.55,199.0
170,0,3439.0,292.06439076524504,20.282575548583846,301.2019040716305,269.3875597190063,307.2377951955815,184.65,14.288943369609875,182.375,170.45,199.0
171,0,3459.0,301.69436058094027,49.94887965060934,316.2190304984827,250.91862107165488,340.66491501256144,194.75,8.5,199.0,186.25,199.0
172,0,3479.0,302.2249105208137,36.23993186472832,313.31651980805617,260.4621173988949,333.5045586974799,168.47500000000002,41.18817912683033,199.0,119.60000000000001,199.0
173,0,3499.0,309.2259360081515,32.66488343073067,317.9638351312435,273.2128336234149,336.63710835713954,181.8,34.4,199.0,147.4,199.0
174,0,3519.0,329.78355172439905,26.474848394656416,333.30032284996224,302.8928660308013,352.64360370478613,188.14999999999998,21.700000000000003,199.0,166.45,199.0
175,0,3539.0,294.55932282941217,32.54162737689692,303.9181044996942,260.9827052112607,319.65543509679253,181.25,35.5,199.0,145.75,199.0
176,0,3559.0,297.54504941675316,24.04526156489992,292.54262998921786,278.1577652552884,321.8462808225081,168.42499999999998,27.15919621470229,175.875,143.675,189.75
177,0,3579.0,319.7098133122355,26.049454212063694,325.9388085712615,290.4698007909146,343.74870712744655,182.1,8.45,177.875,177.875,190.55
178,0,3599.0,319.5090922824128,47.0521187982323,339.8507173136492,267.6544845737292,354.2365711635887,191.3,9.430866874259227,199.0,179.725,199.0
179,0,3621.5,332.6545005788783,24.423568787224074,343.77106813380493,305.22488345295216,351.0726311270399,199.0,0.0,199.0,199.0,199.0
180,0,3641.5,319.80761074255076,34.011393540853945,324.9794629464924,282.31922779747634,351.5314341158707,182.975,14.463852196613203,182.875,170.3,194.75
181,0,3661.5,297.56454045213025,43.93750711200845,325.26507843646493,245.47557738475433,328.85812775471874,181.1,28.34937691570509,199.0,149.45,199.0
182,0,3681.5,288.41541351300134,40.10012060435366,300.37541847608213,244.72171215822385,319.9856900308361,199.0,0.0,199.0,199.0,199.0
183,0,3701.5,331.9181208637924,24.0017237309203,330.8532971946338,309.91426863136775,354.5842248113553,183.7,7.650000000000001,179.875,179.875,191.35
184,0,3721.5,343.60550629489387,18.261373662043894,346.71291348179176,325.921829550522,358.3034089238848,156.975,32.681879268358166,159.75,126.95,186.4
185,0,3741.5,348.20094882679854,31.95772640030389,363.27594128622377,313.57813638089686,369.0727227488265,184.475,17.332510162596208,188.125,165.775,199.0
186,0,3761.5,334.5252974085053,49.818775800037244,357.9728303839396,276.1538457937096,374.17689563895647,187.825,17.2496188935828,199.0,168.5,199.0
187,0,3781.5,286.9892829583207,30.250454532067547,298.17270737593753,255.85888957917263,308.56677751804165,199.0,0.0,199.0,199.0,199.0
188,0,3801.5,343.71889667488176,48.57854138380463,369.8782542420874,289.9601334885434,375.5613338077046,175.875,18.5,175.875,162.0,189.75
189,0,3821.5,357.7283764896313,42.49600947627998,373.55279042214505,308.6937312431281,391.95196645693363,183.75,17.91947831971777,182.875,166.55,199.0
190,0,3841.5,320.246170540079,25.542946046500116,333.04482672695656,292.71804132542536,336.9022869289562,196.175,5.65,199.0,190.525,199.0
191,0,3861.5,325.76228462591,20.093103685805506,331.10120031366154,303.00370542055964,344.8030152843699,193.95,6.283211758328697,199.0,186.025,199.0
192,0,3881.5,306.56128478483083,22.454811976132937,304.1755617818973,286.84403731679623,328.67097964293544,188.82500000000002,20.349999999999998,199.0,168.47500000000002,199.0
193,0,3901.5,354.76901218662056,26.59968928861652,365.90250185587655,325.90345203886943,374.7590538547653,175.35,21.774735121644998,177.75,155.825,192.15
194,0,3921.5,331.88534942991333,26.6981248185913,345.59891836815547,302.1081541770267,352.1539455056578,198.925,0.15,199.0,198.775,199.0
195,0,3941.5,303.78863482596296,39.50411521682875,312.5779407232985,258.9473036063416,339.59126080721563,194.375,9.25,199.0,185.125,199.0
196,0,3961.5,339.80456507974617,36.48541030691185,356.43576079269826,298.0281293311914,367.09246024192703,191.25,15.5,199.0,175.75,199.0
197,0,3981.5,349.342230202383,37.337450623651044,370.1138479552122,307.7061824113127,374.33110619864556,180.9,9.083088681720554,175.875,175.875,190.55
198,0,4001.5,334.3243892879053,43.02143780049421,335.95500083255234,295.90158918364546,370.5986775481038,199.0,0.0,199.0,199.0,199.0
199,0,4021.5,353.4358201325581,33.192954651822724,367.4710599127462,315.3802347351419,380.27352504491466,180.975,24.95995459390696,189.375,154.475,199.0
200,0,4041.5,298.081546420597,48.33955956242919,299.2552595451719,251.8917840185356,341.5468429500779,193.9,10.200000000000001,199.0,183.7,199.0
201,0,4061.5,326.10020939790945,47.97099051771388,347.75951548290254,272.19528526355987,364.40438215172003,191.0,16.0,199.0,175.0,199.0
202,0,4081.5,294.5119340881303,68.03155693625997,320.74447434601274,219.4437105803363,350.1715784628663,169.775,12.2,175.875,157.575,175.875
203,0,4101.5,361.64382491586554,32.01395807183107,375.25488777857987,326.64599191081834,384.4886364276631,194.375,9.25,199.0,185.125,199.0
204,0,4121.5,348.6820321827236,32.30351761790867,359.8147811331645,311.457145601253,376.156487409913,189.75,18.5,199.0,171.25,199.0
205,0,4141.5,306.25611088874973,38.02077480473736,325.39909519523957,262.74505542998133,334.32610741171453,192.85,12.3,199.0,180.55,199.0
206,0,4161.5,321.59748421575364,21.280591095598115,325.6717316708906,299.14822929096505,341.62557670808434,197.475,3.05,199.0,194.425,199.0
207,0,4181.5,351.00338495021845,38.00270928385376,375.0637197421714,306.29596800839533,380.21661268874584,186.75,23.48171530323794,199.0,162.675,199.0
208,0,4201.5,344.92338687866066,31.55886885976224,355.15783200866576,311.19642241285334,371.51667298893904,158.75,25.30819305321743,152.75,142.4,180.9
209,0,4221.5,351.25224119118593,28.078479950056227,358.76285649914354,320.1270540735474,376.88506250469095,189.75,11.3288900603722,199.0,175.875,199.0
210,0,4241.5,348.8099078940663,29.825674072863084,363.1158260362805,314.4304934137886,370.9676431401854,192.25,13.5,199.0,178.75,199.0
211,0,4261.5,348.92280301671815,22.657073473957304,364.039210121391,321.6867965276903,365.47679476797254,177.375,0.0,177.375,177.375,177.375
212,0,4281.5,356.4494863978645,18.894380658598894,359.09248812019916,335.8136426250211,374.37611900653104,194.05,9.9,199.0,184.15,199.0
213,0,4301.5,352.8731224328429,42.26287930166282,372.4651058734871,305.0561096736161,384.38704808837275,194.35,8.510801959862537,199.0,185.375,199.0
214,0,4321.5,364.8226310418744,28.691982729750677,369.9766491350566,332.9110025781599,390.12077744248995,194.325,9.350000000000001,199.0,184.975,199.0
215,0,4341.5,353.39741861811444,38.28004786935192,367.7093008817894,313.26701917956836,378.65335597442845,170.775,30.50577841675721,177.375,144.3,190.55
216,0,4364.0,361.84381970631165,26.306287877023664,365.764340929191,333.7859931116878,387.4233472701352,180.5,9.25,175.875,175.875,189.75
217,0,4384.0,359.03055435163685,32.5636424339798,365.5772978308507,323.5836231440255,387.1586527880606,199.0,0.0,199.0,199.0,199.0
218,0,4404.0,342.2763328969497,41.7180521958679,362.1249988152367,294.901627521539,373.8214654101488,194.20000000000002,9.6,199.0,184.6,199.0
219,0,4424.0,335.5108644994554,54.29661220299162,362.4822143135179,272.6672737830938,375.7117533344622,185.125,20.5788900603722,199.0,162.0,199.0
220,0,4444.0,370.18746850850647,30.959933072279412,386.90925509425904,335.9140339711205,390.27876871717706,192.65,7.834778235534175,199.0,182.825,199.0
221,0,4464.0,344.16284570720404,49.986649284241295,369.4020038599641,289.039198371392,380.4501404124033,190.25,17.5,199.0,172.75,199.0
222,0,4484.0,367.3634490818761,22.348363864574058,379.705266578708,342.20173784847,382.85649181524263,192.55,12.9,199.0,179.65,199.0
223,0,4504.0,361.8729546427855,18.61574768489597,369.7183912457818,341.5386239236616,374.9212160701954,188.425,21.15,199.0,167.275,199.0
224,0,4524.0,352.49853236423587,26.618168612037447,359.6378671268798,323.9982140257978,373.32533326882765,194.375,9.25,199.0,185.125,199.0
225,0,4544.0,354.06516891112256,34.395031368226334,370.71985844905595,314.900461685412,379.24768623037306,199.0,0.0,199.0,199.0,199.0
226,0,4564.0,359.5992086315331,24.27502694274792,369.1704366605205,331.9099640181895,380.40509803973293,194.575,8.85,199.0,185.725,199.0
227,0,4584.0,337.4242400875201,60.53034342058041,368.05542163661494,268.4972148671355,383.6483586737853,194.375,9.25,199.0,185.125,199.0
228,0,4604.0,358.35445633125926,33.94739670173106,373.56184561757664,321.7580869879453,382.44259767012727,194.525,8.95,199.0,185.575,199.0
229,0,4624.0,362.30489034372965,43.000795452438,382.3492397282845,317.6057691130989,387.49186162534085,194.375,9.25,199.0,185.125,199.0
230,0,4644.0,349.4800687162786,54.03432286882413,381.3950813720288,287.59168554500667,386.0566750275927,182.85000000000002,26.351319008051142,199.0,153.875,199.0
231,0,4664.0,370.56035772204046,27.28235847315849,385.04251667897796,339.62688824297743,389.3378774404642,181.625,20.814247240423974,179.375,162.57500000000002,199.0
232,0,4684.0,370.79911545392264,25.532084647480673,381.17874299087066,342.4490823579227,390.56138826920653,199.0,0.0,199.0,199.0,199.0
233,0,4704.0,358.4051844924982,37.86529415803404,376.0299936359532,314.71351409767794,388.79855315226064,192.85,12.3,199.0,180.55,199.0
234,0,4724.0,363.1261690029404,29.22438222794821,372.16783951697226,330.5630281462653,387.48306380502333,195.7,6.6000000000000005,199.0,189.1,199.0
235,0,4744.0,358.2784814632977,43.489523009173666,368.6511846318099,313.0990063086929,392.971952933245,199.0,0.0,199.0,199.0,199.0
236,0,4764.0,375.6037598748827,27.52226736968322,384.84364048968575,345.8281696527776,396.075259103461,199.0,0.0,199.0,199.0,199.0
237,0,4784.0,354.4352359469985,40.11947966908154,366.23727177639887,312.99753043569405,385.4674375492943,199.0,0.0,199.0,199.0,199.0
238,0,4806.5,366.6545355132109,25.520295658783834,380.1754718121889,337.6945904896635,385.49425998660223,186.65,21.61134656728246,199.0,163.425,199.0
239,0,4826.5,370.64952967938376,31.724264095986747,386.497725191016,334.9407896267664,393.84548601722935,197.85,2.3000000000000003,199.0,195.55,199.0
240,0,4846.5,363.75347900301983,32.72906042117267,377.31919321277263,327.1968400535507,387.90694981652484,191.175,12.447294229761749,199.0,177.1,199.0
241,0,4866.5,367.8026621989688,28.0156466985345,382.5249916041652,335.6574845254754,387.9634972324576,197.475,3.05,199.0,194.425,199.0
242,0,4886.5,362.99094659359076,36.39638315027428,375.0185952191382,321.3197243554681,393.31674113793514,189.025,8.144553394754068,182.375,182.375,199.0
243,0,4906.5,349.211170869122,44.94591298473803,372.3462357286682,298.19207814186325,380.9150334368738,181.325,14.901486367065566,176.875,168.4,195.85
244,0,4926.5,366.3917361853582,47.40796887598945,389.8141436623466,316.31757786266564,394.54408936234324,195.1,7.800000000000001,199.0,187.3,199.0
245,0,4946.5,339.88486686744636,65.13762877200699,368.82080397470065,269.9475096044369,384.5767552507943,192.55,12.9,199.0,179.65,199.0
246,0,4966.5,323.1411649472418,23.551850114260922,332.6753688461676,296.36244478938266,342.932715260117,190.95,9.870600285696915,199.0,178.725,199.0
247,0,4986.5,361.00074166191905,35.87774121599483,376.5257952739965,319.48195308206397,390.03314693184564,188.17499999999998,17.24702690004126,199.0,168.8,199.0
248,0,5006.5,364.7296967618787,31.088167516158876,378.5928259319877,330.26760397984145,386.4448276731666,194.375,9.25,199.0,185.125,199.0
249,0,5026.5,376.8409119203905,26.003934214289714,389.8309516944967,347.01934568156213,396.3278865886243,189.925,15.020940131382407,199.0,173.4,199.0
250,0,5046.5,352.546033937796,59.341420726158965,379.4998235757714,289.7687702424707,390.2549655355983,179.425,15.402506920691048,176.875,166.625,193.25
251,0,5066.5,369.35331310932014,27.72790640573578,380.3876029995886,339.8888464002973,388.5422461337228,191.75,8.92993561007021,199.0,180.575,199.0
252,0,5086.5,365.1225592137523,21.792030480239223,374.9464780252089,340.38089373145766,383.12598963181256,196.875,4.25,199.0,192.625,199.0
253,0,5106.5,362.9129091027659,38.38874499020375,381.8014852667936,319.5116010924694,390.21858645117294,185.275,20.395458716445905,199.0,162.35,199.0
254,0,5126.5,361.21116072510563,25.397293989106434,363.82636351809185,333.4939920714135,384.7842862715049,190.95,16.1,199.0,174.85,199.0
255,0,5146.5,370.6484802653692,40.310349084392136,392.0688919964777,325.4947312327323,399.194728527871,199.0,0.0,199.0,199.0,199.0
256,0,5166.5,357.9199291080456,35.75322057847718,375.3697006078598,316.1414390417556,386.7949824407888,188.6,17.208088899156593,199.0,169.77499999999998,199.0
257,0,5186.5,376.8604804511168,20.913916816198387,385.77811166586,354.27815006266536,391.9348440689982,190.15,10.838992111815562,199.0,176.875,199.0
258,0,5206.5,356.46260870284425,36.84338312162093,371.14058301891623,316.32037517619796,383.72418394494684,188.525,16.47729202398796,199.0,170.2,199.0
259,0,5226.5,370.03726929418866,19.585578625254414,375.0503262165523,348.2675316068839,387.8568040210735,194.375,9.25,199.0,185.125,199.0
260,0,5246.5,376.1721722774961,26.150905442938363,387.10586720272994,345.65585726170355,398.20610323211616,191.325,13.10405630472623,199.0,177.2,199.0
261,0,5266.5,361.9934872831287,44.48694261119209,377.23724518492423,312.28832522857965,398.02341230828205,194.525,8.95,199.0,185.575,199.0
262,0,5286.5,355.93156893208004,54.25642310340368,380.61040773610347,295.3761216129289,395.7026524895622,173.0,7.75,176.875,165.25,176.875
263,0,5306.5,379.8902362003576,19.362319278143634,383.01655368392363,358.87551680726887,396.05465412198083,199.0,0.0,199.0,199.0,199.0
264,0,5326.5,371.0682779136618,31.539736131690816,385.6926504327679,334.2874781343762,396.387279498289,181.0,20.98212210264846,185.875,159.575,196.55
265,0,5346.5,377.01939331861735,18.40486857780013,386.497068255602,355.03875104354813,392.85463885880796,171.05,33.52007992744541,187.625,132.5,199.0
266,0,5366.5,365.613487091388,39.67923590760388,387.4320538239876,321.05746465986084,392.059492033099,190.55,10.359958976752756,199.0,177.725,199.0
267,0,5386.5,366.8625706535098,26.875149802112645,376.27723708456153,338.3650435105825,386.27460681964624,194.325,7.816888767278194,198.875,185.675,199.0
268,0,5406.5,387.19239376528765,17.536169645423318,395.74113298647353,367.41992668623527,400.78016550051984,199.0,0.0,199.0,199.0,199.0
269,0,5426.5,359.87615923843975,41.188718735928155,377.83370146394446,315.432975366603,388.3247034986059,177.675,16.1,176.875,166.0,190.15
270,0,5446.5,376.4570662014857,32.10090700658702,393.8154332672518,340.4328955121897,397.94972626683773,183.1,16.444043137537243,177.375,168.6,199.0
271,0,5466.5,363.6272018046618,50.98679087065775,385.1987536678423,306.64933199648146,400.6866437006743,185.675,16.31308983647234,195.875,166.05,199.0
272,0,5486.5,373.72002798886496,20.39431460860587,383.1647883815751,349.73818547573717,390.72586090774274,190.04999999999998,17.9,199.0,172.15,199.0
273,0,5506.5,385.3906589835673,9.117780200197668,387.84961882668756,375.60138627585496,393.02306516644313,194.925,4.980336334024039,198.875,188.675,199.0
274,0,5526.5,372.0990392230388,32.3204854487178,386.31198542608155,335.16832801252934,397.12146881986166,186.375,18.942935004291783,199.0,165.05,199.0
275,0,5546.5,350.5804723651852,35.80594705124509,362.7233006369086,313.50371312809244,376.7066715919721,171.4,8.950000000000001,175.875,162.45,175.875
276,0,5566.5,341.8184617102409,22.40658968661371,346.27032189531593,320.12226627966925,362.1342715599244,185.775,19.695638650168725,199.0,163.45,199.0
277,0,5586.5,373.78655511425467,36.225362926294245,389.348056601848,334.6433215238517,398.76184072598,199.0,0.0,199.0,199.0,199.0
278,0,5606.5,369.28562609048487,24.257645904851618,379.03740948977213,342.55604999147135,388.12430564514233,195.075,7.8500000000000005,199.0,187.225,199.0
279,0,5626.5,356.79201755543255,49.06558767125949,388.79991460540475,298.2161719939583,392.6222439160702,175.70000000000002,28.31996297575013,176.375,148.175,199.0
280,0,5646.5,353.0071733366147,72.75693465727912,389.37056947593766,274.15331042076707,399.22920062859373,185.85,18.668783199469644,199.0,163.85,199.0
281,0,5669.0,372.6274221789453,27.289164751802204,379.9585516827787,342.4191753897114,395.1944267600595,177.2,23.21303117308175,182.125,156.42499999999998,192.95
282,0,5689.0,357.45226360732244,33.981123608878534,372.0118477095863,319.19100917545654,384.1804828709465,175.1,19.636040594701043,161.75,157.85,199.0
283,0,5709.0,348.90536022714787,56.25942184842011,384.9048400087659,280.4032639029303,397.6465694840853,198.975,0.05,199.0,198.925,199.0
284,0,5729.0,349.96128424974677,63.68842950025658,387.1712621123121,274.79540567326745,397.2498581924914,185.375,20.15753095021379,199.0,162.64999999999998,199.0
285,0,5751.5,327.48908984094624,39.06978231743469,341.9399172857431,287.50428634958126,353.39648962472586,176.5,23.641428428542852,180.875,156.125,192.25
286,0,5776.5,367.62834040188596,39.40327530281056,385.42191327955544,324.5948849556662,393.84429359117587,170.45,26.518881465741114,178.125,145.325,190.575
287,0,5796.5,382.69825260831067,24.17310268293334,392.96331740204215,353.7617648395636,404.5568385357926,185.25,21.02661967611977,199.0,161.925,199.0
288,0,5816.5,367.75708157039185,37.31343082727634,389.652575334865,323.22509618475044,397.25153108255836,196.125,5.75,199.0,190.375,199.0
289,0,5836.5,363.312207216635,45.19937300142269,383.6773728279463,312.9741452500271,396.14629528042025,188.175,21.65,199.0,166.525,199.0
290,0,5856.5,377.88488906195096,37.10866278176632,393.3297562100031,338.07582216157283,402.98975027702437,199.0,0.0,199.0,199.0,199.0
291,0,5876.5,372.65310646740784,20.205536117459413,375.976045109579,351.4168492363709,389.96273685144126,189.9,18.200000000000003,199.0,171.7,199.0
292,0,5896.5,356.2980298436964,54.25747282394816,377.0971460212389,298.7616313179563,392.11786051452134,194.575,8.85,199.0,185.725,199.0
293,0,5916.5,362.6150024297861,50.47837058863422,379.36822869578003,307.8380987681926,399.8871164348174,183.3,26.398934594597236,199.0,154.575,199.0
294,0,5936.5,368.68447846222705,33.27792859048648,385.5680885018122,328.9244175723869,395.39811366435856,186.975,18.285358491558622,199.0,165.525,199.0
295,0,5956.5,364.0690183628732,37.404871107813804,380.3392167249491,323.4828497445963,390.1677312924178,196.3,5.3999999999999995,199.0,190.9,199.0
296,0,5976.5,387.4504104251117,14.502273919161652,393.70129434445704,370.6510268797197,399.2424453991354,194.525,8.95,199.0,185.575,199.0
297,0,5996.5,361.0200979746719,36.08283136012568,368.5925713360762,319.86556365703376,394.1825060219098,193.35,11.3,199.0,182.05,199.0
298,0,6016.5,367.04902315277144,42.655481166119884,388.05818615673604,320.75682594351827,394.2663286560677,190.17499999999998,17.65,199.0,172.525,199.0
299,0,6036.5,383.1245440729732,19.71852191519942,389.33480612788105,361.90408476751423,398.6131976047626,190.54999999999998,16.00807627360385,199.0,174.025,199.0
300,0,6056.5,371.6841723334548,21.717015887752044,382.967607564218,347.5026601477407,386.54092838049405,175.875,0.0,175.875,175.875,175.875
301,0,6076.5,371.74655183977603,37.73142894104626,392.03929264291446,328.7772213546157,398.144705820519,190.15,10.857428332713047,199.0,176.675,199.0
302,0,6096.5,360.47388955806804,50.77200528128341,384.39536332169945,302.69822111138353,398.941827807413,183.5,19.237672982915853,189.875,162.6,199.0
303,0,6116.5,354.84338451996325,67.80239647872833,388.10218232319676,279.0968626656988,401.5123618825006,188.875,20.25,199.0,168.625,199.0
304,0,6136.5,365.9152678080937,53.61513703338938,394.2971695481003,306.6292080770766,401.5055215564233,181.825,30.40106580341574,199.0,149.75,199.0
305,0,6156.5,367.8278160135796,37.40635325698029,382.96616171134104,324.0879581640298,399.60116228493916,188.325,14.178890060372199,199.0,171.6,199.0
306,0,6176.5,346.1279443293539,46.302357821315255,364.4145167836617,293.1295341482494,384.4917992068878,176.025,0.7000000000000001,176.375,175.32500000000002,176.375
307,0,6196.5,372.0131884230905,43.09422046040804,394.729484291938,324.33667130110433,399.4955378678479,177.2,17.138269061303802,176.625,164.175,190.55
308,0,6216.5,360.1191380328394,54.72740075707583,381.68842453014145,300.39361051241224,399.62453803534976,185.77500000000003,24.16206195269159,199.0,160.35,199.0
309,0,6236.5,352.11467455483296,65.32730273152177,385.68159291569094,277.61159603137475,399.09793347267515,187.775,16.948922347049663,199.0,168.8,199.0
310,0,6256.5,355.65981368278733,60.96467374178352,392.2547104224096,283.9774460830399,399.9681520219657,199.0,0.0,199.0,199.0,199.0
311,0,6276.5,367.15552976677856,51.87181968721595,394.80711834593035,311.21917212889633,398.2955024514637,181.82500000000002,10.799999999999999,179.375,174.95,191.15
312,0,6296.5,366.62651268750955,27.843910130185584,371.2540645968984,336.80262249198324,390.30990855731983,193.075,11.85,199.0,181.225,199.0
313,0,6316.5,370.9302679488561,28.22229527418526,377.1368177879155,340.4013377765773,394.3969303378831,193.4,8.963606974873452,199.0,183.175,199.0
314,0,6336.5,373.06958187708335,29.04493399159247,383.25086390265164,341.64267973396807,395.5229007797698,193.0,12.0,199.0,181.0,199.0
315,0,6356.5,348.0511263739679,52.256578736300995,368.26102223339655,288.97830827772054,390.28666075258633,199.0,0.0,199.0,199.0,199.0
316,0,6376.5,377.22743540237593,36.699296257209184,396.83998077583936,333.53974461790756,405.75417443020103,187.275,23.45,199.0,163.825,199.0
317,0,6396.5,353.6808181884597,16.76924797734347,359.72355301562555,336.0188524193362,366.3598789422289,194.25,9.5,199.0,184.75,199.0
318,0,6416.5,371.95869700804093,35.13577994700159,384.108894285305,333.7898657033775,397.4905502571287,181.875,20.314247240423974,179.375,163.325,199.0
319,0,6436.5,388.3092640549329,21.6795156442203,398.3620577873459,363.90186830119694,403.77565839546446,183.3,7.85,179.375,179.375,191.15
320,0,6456.5,360.1083066083906,53.94418182894554,384.1086618238855,299.7921834792795,398.79135862361943,190.2,17.6,199.0,172.6,199.0
321,0,6476.5,366.5056355718746,44.6550163126702,384.6623061404296,318.2188677088237,396.97906976050575,197.35,3.3,199.0,194.05,199.0
322,0,6496.5,352.35084373835815,58.05993238895408,390.1601133070848,283.7792064940307,397.9362813530516,186.725,10.063982810001217,179.375,177.875,199.0
323,0,6516.5,372.1105150492631,41.46019820439329,390.8811856784202,328.24180561802433,398.1308711738878,182.05,27.814247240423974,199.0,152.075,199.0
324,0,6536.5,375.3392710549638,18.23719907915402,380.0658290376507,354.8226771755457,393.67436888909384,182.25,27.414247240423975,199.0,152.675,199.0
325,0,6556.5,379.6567646755536,32.07706566063597,395.5901303582174,343.81558888647544,402.2412270838318,192.25,7.483903896710371,194.125,183.85,199.0
326,0,6576.5,364.34616631313725,37.33619971797185,385.45223786851477,321.02134480351964,391.457627865191,185.65,25.79822613874434,199.0,159.32500000000002,199.0
327,0,6596.5,372.8459745059496,48.563885396387256,396.5409429574815,321.56142078406015,401.5736236887968,195.575,6.85,199.0,188.725,199.0
328,0,6616.5,365.10659099658005,37.86558558419887,383.206972146742,319.90265491495563,398.09532178248554,188.65,12.648437354651161,194.125,174.05,199.0
329,0,6636.5,345.3927552818492,49.63255156498547,368.86743695393704,291.87061529614675,377.8287054144023,190.4,17.200000000000003,199.0,173.2,199.0
330,0,6656.5,374.2034829478696,38.303043182371844,396.14023491833046,329.7603842163485,404.1352775462896,190.5,10.434617865547352,199.0,177.525,199.0
331,0,6676.5,357.5623113928451,57.36522294129682,390.3844702353495,291.3542158314569,398.3829600308016,184.275,19.939046894320676,192.125,162.575,199.0
332,0,6696.5,347.5076580267926,22.43857004630453,356.8676403947941,323.03172744267283,365.17171301195,180.9,9.05,176.375,176.375,189.95
333,0,6716.5,385.0247841114913,18.587628837085585,394.08318413746986,363.7578776269089,398.52619883859387,199.0,0.0,199.0,199.0,199.0
334,0,6736.5,370.9979240577219,41.67844167967019,388.44505504434534,324.69560860107583,401.05370876324866,189.975,17.61936377510262,199.0,172.1,199.0
335,0,6756.5,375.9821670900413,32.49938595681234,386.86803947939296,340.42857534218876,401.98279335615945,186.04999999999998,16.992718702082776,199.0,164.75,199.0
336,0,6779.0,391.19218676865773,13.991576642444292,395.9551371714805,376.81521202037504,401.6454947539815,183.3,7.85,179.375,179.375,191.15
337,0,6799.0,374.9299950907498,37.08285297953856,386.38338028267646,334.21929886814326,403.43107824592215,194.375,9.25,199.0,185.125,199.0
338,0,6819.0,365.84698935419425,29.82014983755622,374.8019215346351,332.4171403699344,392.9536511185748,177.775,27.757876206889343,182.125,150.075,199.0
339,0,6839.0,363.89245672997737,42.52250484742015,372.5938953358876,316.4974779132614,400.98059084166334,196.25,5.5,199.0,190.75,199.0
340,0,6859.0,341.8416632880761,47.072104890119476,360.51460566479835,287.0642239309932,380.5687755819509,180.425,30.366517624676405,199.0,147.65,199.0
341,0,6879.0,344.48470746216344,39.33780725357164,370.54410860949224,297.85219826160136,375.9243825145734,191.425,12.419874177698986,199.0,177.8,199.0
342,0,6899.0,349.8384987768687,40.605197370991,366.18293075494324,307.27473823784754,376.48036975492175,189.325,17.439719561020762,199.0,170.9,199.0
343,0,6919.0,353.5466487646373,41.271362127838906,378.1417507002076,305.07014381866844,383.1420317263817,179.75,22.92463741397519,189.875,153.075,199.0
344,0,6939.0,354.4428346954062,32.05649330406638,371.8940824959233,318.327409616764,377.20535074315023,175.0,35.1741559676477,199.0,135.0,199.0
345,0,6959.0,349.07283458863805,32.66712619947112,363.27839066958524,314.0403170818447,370.2251463401875,190.2,10.780364094036898,199.0,176.925,199.0
346,0,6979.0,337.5087991442877,16.46270107130433,346.90557271496823,318.02366921859823,349.56518880457537,190.05,17.9,199.0,172.15,199.0
347,0,6999.0,376.9664324916795,25.70214000379222,392.46369812239277,346.07965689786926,396.9592147744295,186.7,12.0481015254058,186.0,174.15,199.0
348,0,7019.0,333.2262212456675,28.2931601013383,343.89013925225265,300.81304849360424,356.6400726835965,189.225,19.549999999999997,199.0,169.67499999999998,199.0
349,0,7039.0,376.19041928282974,29.258775884908555,392.3640102285624,343.03501880678886,396.48664553851796,189.275,14.710160801938624,199.0,172.025,199.0
350,0,7059.0,375.83070436858395,33.45601621625719,396.05462684796265,335.7569481506107,402.6413927829538,187.75,18.514547634450675,199.0,167.175,199.0
351,0,7079.0,373.3424824129758,32.86188997745073,385.1189453264642,335.9680815334662,399.8095351011472,197.075,3.85,199.0,193.225,199.0
352,0,7099.0,359.911102193212,39.458571783685215,378.8653652309231,315.8358687287592,387.2431434768569,189.125,15.749519212987988,199.0,171.7,199.0
353,0,7119.0,352.8393163842371,43.18874187903079,373.78870235689766,304.7902179636443,383.584951480757,194.325,9.350000000000001,199.0,184.975,199.0
354,0,7141.5,366.18058224936044,37.54541695629507,383.2020025252968,323.11582486739155,395.1736725383765,198.675,0.65,199.0,198.025,199.0
355,0,7161.5,378.51546778525045,28.609182250247333,383.76193155069643,347.43223750105255,402.8067744097479,187.625,16.19909416325893,199.0,169.1,199.0
356,0,7181.5,379.08024246139877,24.277974161889933,391.6220634649058,351.74851350512097,396.6441132184008,184.85,25.61143631238695,199.0,157.77499999999998,199.0
357,0,7201.5,381.76944041899014,19.74481286250566,385.7507976079262,359.58207434543226,399.6249721600245,194.375,9.25,199.0,185.125,199.0
358,0,7221.5,372.5606041862449,41.778559764066394,394.49931565267184,325.99110494159356,400.9672845168083,185.425,26.743079501764257,199.0,158.45,199.0
359,0,7241.5,370.637103261754,34.166258922976844,390.7709879269558,329.59341061748376,398.03521348400716,193.4,7.519724064086394,199.0,184.025,199.0
360,0,7261.5,369.5608421801093,30.826226362964725,382.0530238666501,335.716337302975,391.6379597348258,177.15,35.40664051906331,199.0,138.45000000000002,199.0
361,0,7281.5,359.93507764919974,49.31913995618013,377.20164358989473,305.9812865483158,396.50266692334185,189.5,19.0,199.0,170.50000000000003,199.0
362,0,7301.5,373.5398222445576,33.84570926119172,391.8756610453702,333.50216017928403,400.0784115603626,176.95,23.98058177773817,178.125,154.725,195.55
363,0,7321.5,382.102311627602,23.866216237819984,388.6165018628146,355.1422807905815,402.1934042432915,186.25,13.1797623106245,184.125,173.3,199.0
364,0,7341.5,375.072036490766,32.36468588639836,386.9161415679529,339.32598588439856,400.4979290650652,189.675,18.65,199.0,171.02499999999998,199.0
365,0,7361.5,367.91098350932583,38.52912141026982,384.0988154848012,324.0126060295308,397.761295407483,191.92499999999998,14.150000000000002,199.0,177.775,199.0
366,0,7381.5,364.5317823714457,53.31506245586831,393.82905507471395,306.14144326929693,397.4124189839246,195.825,6.35,199.0,189.475,199.0
367,0,7404.0,361.5919079022141,38.91984172473961,375.9469146682985,317.15215252663916,396.7125267188252,179.27499999999998,33.606522607029234,196.125,143.975,199.0
368,0,7426.5,358.66455081584877,47.88921913230887,383.8950839634402,303.35128523144897,395.21006766687,175.625,41.0332087675643,199.0,131.97500000000002,199.0
369,0,7446.5,371.13136265447383,32.0732454676898,384.72381477453604,333.1198337209133,398.330756453681,180.975,32.258088754618505,199.0,146.8,199.0
370,0,7466.5,374.1108238347252,27.841775838091905,383.0623261534235,345.5392945696275,394.13971848146605,192.3,8.269900241236288,199.0,181.925,199.0
371,0,7486.5,353.2548007870453,35.297881094282985,370.4093812379949,312.4845073133659,379.9967820517488,192.3,13.400000000000002,199.0,178.9,199.0
372,0,7506.5,382.27974441640333,22.38948707537393,394.0763220901869,357.41363526961345,397.82752385474674,192.54999999999998,8.734921020308873,199.0,181.7,199.0
373,0,7526.5,369.77360301283875,34.85078872429487,378.70302147268444,331.7069573895666,398.9596924836399,188.65,19.689895993003276,199.0,168.375,199.0
374,0,7546.5,343.7713563710638,41.73704131656137,357.7670903622002,295.9402144008781,379.0283627959234,182.275,27.410939395317627,199.0,152.45000000000002,199.0
375,0,7566.5,369.76639056119114,36.71661201757578,387.26911997240984,328.2181678313124,396.3242136539038,186.725,24.55,199.0,162.175,199.0
376,0,7586.5,383.57051620433026,25.477221251308702,395.4194651693179,355.13298895357224,402.20629217735427,196.875,4.25,199.0,192.625,199.0
377,0,7606.5,341.90488781514586,61.064433906182074,369.4267539589278,270.836055948385,394.0317924576848,189.82500000000002,18.35,199.0,171.47500000000002,199.0
378,0,7626.5,367.31216933184936,25.474825134530665,382.30532009679996,336.4086395519482,389.6972433893674,187.775,17.24808217738389,199.0,168.2,199.0
379,0,7646.5,369.59269703541145,35.19000790347495,382.75292776379865,327.0964095698763,402.9031383245578,194.775,8.450000000000001,199.0,186.325,199.0
380,0,7669.0,376.2350581793427,30.798020838076948,387.5874843710952,340.8906312458955,401.78507635423796,192.675,8.177952510206051,199.0,182.45,199.0
381,0,7689.0,343.3775318602675,55.02955822312948,374.0060859234851,277.44358090871845,389.542376657336,190.35,17.3,199.0,173.05,199.0
382,0,7709.0,360.5804955489188,38.25143899460453,377.3495477946561,317.69989064800654,389.2079470033531,176.55,25.684879957243545,185.375,151.475,193.75
383,0,7729.0,380.4298766054142,22.902127286402358,388.0401351323018,356.27730577777726,396.7951707972262,185.75,16.614481000039135,190.375,168.05,199.0
384,0,7749.0,370.355889714329,29.533709360721783,380.54646583985215,337.38763107955435,395.9015757147907,196.8,2.9438495206107262,199.0,193.125,199.0
385,0,7769.0,361.9766660682809,44.98950368446948,379.5615918027331,310.7633369598164,399.74673075580296,176.45,22.331344843797957,179.125,156.325,192.95
386,0,7789.0,378.38861815963025,29.95212720847544,394.367405566113,344.91542038819796,398.70773660128884,186.85,18.42380782445327,198.875,166.25,199.0
387,0,7809.0,344.56645168266635,63.438347765649254,374.74137872408954,270.71912979071453,394.33615156205406,190.35,17.3,199.0,173.05,199.0
388,0,7829.0,364.484426489036,34.99929421231684,373.09181569652134,326.0134004800821,395.7319033685522,189.225,19.55,199.0,169.67499999999998,199.0
389,0,7849.0,369.8576804614495,31.259493447640562,376.74211606631843,333.97074940144574,400.64173384368064,179.05,25.045179616659073,199.0,148.125,199.0
390,0,7869.0,377.2771748541178,27.674242443136354,386.59376226041553,346.79546662993636,400.562498175065,168.025,32.38705921595723,174.0,137.25,191.85
391,0,7889.0,365.2988094167506,25.756679348453066,375.6440841527077,336.07998242210624,385.98639407157265,194.775,8.450000000000001,199.0,186.325,199.0
392,0,7909.0,368.6944208373434,27.695469889292347,381.2944146203101,339.12090440706856,387.47610530941336,186.95000000000002,19.327018182829352,199.0,165.32500000000002,199.0
393,0,7929.0,372.42088793330737,19.66226991409091,380.32514010340697,349.59792526574654,389.9179946394881,193.625,9.400176051972634,199.0,183.5,199.0
394,0,7949.0,369.55047570937467,24.7214301812404,380.15931352556265,341.467797832611,389.14649272702263,188.65,18.124482216792963,199.0,169.425,199.0
395,0,7969.0,374.60034009795174,36.37736143246229,394.5695443240115,331.4926825031535,402.6606089835469,184.975,22.6949088628802,195.875,160.675,199.0
396,0,7989.0,379.29526530836836,35.39410552218798,392.65452565723615,341.6449878736232,404.5250069598755,184.825,12.480469592954186,186.375,174.15,193.95
397,0,8009.0,379.30255933584317,32.69610706815618,395.7622879799791,342.634701070691,402.42982810276,185.2,23.38685341792607,199.0,160.025,199.0
398,0,8029.0,371.7696427350884,31.36008048420824,386.37056414143746,336.2567566867694,395.8106658577952,175.17499999999998,26.00888731648361,180.625,151.54999999999998,192.95
399,0,8045.666666666667,361.2576102474186,35.572397441319644,371.0749930147196,319.0263592763136,395.9935128739591,199.0,0.0,199.0,199.0,199.0
400,0,8065.666666666667,377.2832780033331,35.64592344330978,397.5924701873139,338.08261742669566,400.0909657645241,199.0,0.0,199.0,199.0,199.0
401,0,8085.666666666667,359.5384612804475,58.392288940783224,387.08586807467526,293.41847392903486,402.61146609603975,194.96666666666667,8.066666666666666,199.0,186.9,199.0
402,0,8099.0,376.93586745738605,36.20887574012485,399.27880111443227,335.1011852344489,403.7324801312791,185.95999999999998,26.080000000000002,199.0,159.88,199.0
403,0,8119.0,368.49191735540523,53.77849874039541,395.08427782884803,311.62043897850623,400.2404117607749,199.0,0.0,199.0,199.0,199.0
404,0,8139.0,363.02170011819305,40.376502411215625,377.4109721764329,319.75771340646645,390.7433598114609,183.3,19.228494480847946,199.0,159.75,199.0
405,0,8169.0,331.4833802081904,42.195317965173494,354.9956640832156,284.56325044535674,358.3686499784145,199.0,0.0,199.0,199.0,199.0
406,0,8179.0,380.8667980034611,11.019952861741151,378.975890672468,368.6008932098597,392.9562254752933,199.0,0.0,199.0,199.0,199.0
